{
  "size": [
    1517,
    468
  ],
  "method": "carved_base_gold_overlay",
  "slots": [
    {
      "label": "x1",
      "black_edge": {
        "left": 98,
        "top": 282,
        "right": 380,
        "bottom": 427
      },
      "inner": {
        "left": 104,
        "top": 288,
        "right": 374,
        "bottom": 421,
        "cx": 239,
        "cy": 354
      },
      "left": 104,
      "top": 288,
      "right": 374,
      "bottom": 421,
      "cx": 239,
      "cy": 354,
      "norm": {
        "left": 0.068556,
        "top": 0.615385,
        "right": 0.246539,
        "bottom": 0.899573,
        "width": 0.177983,
        "height": 0.284188,
        "cx": 0.157548,
        "cy": 0.75641
      },
      "goldOverlay": {
        "left": 0.090969,
        "top": 0.57906,
        "width": 0.145023
      }
    },
    {
      "label": "x2",
      "black_edge": {
        "left": 439,
        "top": 282,
        "right": 723,
        "bottom": 427
      },
      "inner": {
        "left": 445,
        "top": 288,
        "right": 717,
        "bottom": 421,
        "cx": 581,
        "cy": 354
      },
      "left": 445,
      "top": 288,
      "right": 717,
      "bottom": 421,
      "cx": 581,
      "cy": 354,
      "norm": {
        "left": 0.293342,
        "top": 0.615385,
        "right": 0.472643,
        "bottom": 0.899573,
        "width": 0.179301,
        "height": 0.284188,
        "cx": 0.382993,
        "cy": 0.75641
      },
      "goldOverlay": {
        "left": 0.307185,
        "top": 0.581197,
        "width": 0.149637
      }
    },
    {
      "label": "x3",
      "black_edge": {
        "left": 782,
        "top": 282,
        "right": 1063,
        "bottom": 427
      },
      "inner": {
        "left": 788,
        "top": 288,
        "right": 1057,
        "bottom": 421,
        "cx": 922,
        "cy": 354
      },
      "left": 788,
      "top": 288,
      "right": 1057,
      "bottom": 421,
      "cx": 922,
      "cy": 354,
      "norm": {
        "left": 0.519446,
        "top": 0.615385,
        "right": 0.69677,
        "bottom": 0.899573,
        "width": 0.177324,
        "height": 0.284188,
        "cx": 0.607779,
        "cy": 0.75641
      },
      "goldOverlay": {
        "left": 0.53263,
        "top": 0.581197,
        "width": 0.148978
      }
    },
    {
      "label": "x5",
      "black_edge": {
        "left": 1122,
        "top": 282,
        "right": 1409,
        "bottom": 427
      },
      "inner": {
        "left": 1128,
        "top": 288,
        "right": 1403,
        "bottom": 421,
        "cx": 1265,
        "cy": 354
      },
      "left": 1128,
      "top": 288,
      "right": 1403,
      "bottom": 421,
      "cx": 1265,
      "cy": 354,
      "norm": {
        "left": 0.743573,
        "top": 0.615385,
        "right": 0.924852,
        "bottom": 0.899573,
        "width": 0.181279,
        "height": 0.284188,
        "cx": 0.833883,
        "cy": 0.75641
      },
      "goldOverlay": {
        "left": 0.758075,
        "top": 0.57906,
        "width": 0.150956
      }
    }
  ]
}